"DESCRIPTION","DURATION IN MS","NAME","PARENT SUITE","START TIME","STATUS","STOP TIME","SUB SUITE","SUITE","TEST CLASS","TEST METHOD"
"","1435","Should be able to select multiple options from a multi select list","","Fri Feb 20 16:55:11 UTC 2026","passed","Fri Feb 20 16:55:13 UTC 2026","","com.cdTester.tests.selenium.web.interactions.SelectListTest","com.cdTester.tests.selenium.web.interactions.SelectListTest","selectMultipleOption"
"","1535","Should be able to create an alert with a prompt using JavaScriptExecutor","","Fri Feb 20 16:54:27 UTC 2026","passed","Fri Feb 20 16:54:29 UTC 2026","","com.cdTester.tests.selenium.web.interactions.AlertsTest","com.cdTester.tests.selenium.web.interactions.AlertsTest","testForJsPromptAlerts"
"","945","Should be able to create an alert with an option to cancel using JavaScriptExecutor","","Fri Feb 20 16:54:39 UTC 2026","passed","Fri Feb 20 16:54:39 UTC 2026","","com.cdTester.tests.selenium.web.interactions.AlertsTest","com.cdTester.tests.selenium.web.interactions.AlertsTest","testForJsConfirmAlerts"
"","404","Should be able to delete all cookies","","Fri Feb 20 16:55:40 UTC 2026","passed","Fri Feb 20 16:55:40 UTC 2026","","com.cdTester.tests.selenium.web.interactions.CookiesTest","com.cdTester.tests.selenium.web.interactions.CookiesTest","deleteAllCookies"
"","391","Should be able to get window handle","","Fri Feb 20 16:55:37 UTC 2026","passed","Fri Feb 20 16:55:38 UTC 2026","","com.cdTester.tests.selenium.web.interactions.WindowsTest","com.cdTester.tests.selenium.web.interactions.WindowsTest","windowsHandle"
"","1608","Should be able to enter text in an input field","","Fri Feb 20 16:54:24 UTC 2026","passed","Fri Feb 20 16:54:26 UTC 2026","","com.cdTester.tests.selenium.web.elements.InteractionTest","com.cdTester.tests.selenium.web.elements.InteractionTest","sendKeys"
"","2029","Should be able to accept an empty alert","","Fri Feb 20 16:54:51 UTC 2026","passed","Fri Feb 20 16:54:53 UTC 2026","","com.cdTester.tests.selenium.web.interactions.AlertsTest","com.cdTester.tests.selenium.web.interactions.AlertsTest","alertEmptyInformationTest"
"","1577","should be able to click on a checkbox","","Fri Feb 20 16:54:23 UTC 2026","passed","Fri Feb 20 16:54:24 UTC 2026","","com.cdTester.tests.selenium.web.elements.InteractionTest","com.cdTester.tests.selenium.web.elements.InteractionTest","clickCheckbox"
"","645","Should be able set the background images to print","","Fri Feb 20 16:55:02 UTC 2026","passed","Fri Feb 20 16:55:02 UTC 2026","","com.cdTester.tests.selenium.web.interactions.PrintTest","com.cdTester.tests.selenium.web.interactions.PrintTest","TestBackground"
"","648","Should be able set print page range","","Fri Feb 20 16:55:04 UTC 2026","passed","Fri Feb 20 16:55:04 UTC 2026","","com.cdTester.tests.selenium.web.interactions.PrintTest","com.cdTester.tests.selenium.web.interactions.PrintTest","TestRange"
"","359","Should not be able to add a resident credential when setHasUserVerification=false","","Fri Feb 20 16:55:15 UTC 2026","passed","Fri Feb 20 16:55:15 UTC 2026","","com.cdTester.tests.selenium.web.interactions.VirtualAuthenticatorTest","com.cdTester.tests.selenium.web.interactions.VirtualAuthenticatorTest","residentCredentialNotSupportedWhenSetHasUserVerificationFalse"
"","2568","Should be able to find box using implicit wait","","Fri Feb 20 16:53:34 UTC 2026","passed","Fri Feb 20 16:53:36 UTC 2026","","com.cdTester.tests.selenium.web.waits.WaitsTest","com.cdTester.tests.selenium.web.waits.WaitsTest","implicit"
"","1263","Should be able to select options from a single select list","","Fri Feb 20 16:55:08 UTC 2026","passed","Fri Feb 20 16:55:09 UTC 2026","","com.cdTester.tests.selenium.web.interactions.SelectListTest","com.cdTester.tests.selenium.web.interactions.SelectListTest","selectOption"
"","1490","Checkbox input should be checked","","Fri Feb 20 16:54:16 UTC 2026","passed","Fri Feb 20 16:54:18 UTC 2026","","com.cdTester.tests.selenium.web.elements.InformationTest","com.cdTester.tests.selenium.web.elements.InformationTest","isSelected"
"","785","Should be able to navigate back using the navigate().back() method","","Fri Feb 20 16:55:44 UTC 2026","passed","Fri Feb 20 16:55:45 UTC 2026","","com.cdTester.tests.selenium.web.interactions.NavigationTest","com.cdTester.tests.selenium.web.interactions.NavigationTest","navigateBrowserBack"
"","344","Should be able to add a non-resident credential when setHasUserVerification=false","","Fri Feb 20 16:55:14 UTC 2026","passed","Fri Feb 20 16:55:14 UTC 2026","","com.cdTester.tests.selenium.web.interactions.VirtualAuthenticatorTest","com.cdTester.tests.selenium.web.interactions.VirtualAuthenticatorTest","testCreateAndAddNonResidentialKey"
"","2602","Should switch to iFrame using name","","Fri Feb 20 16:54:58 UTC 2026","passed","Fri Feb 20 16:55:01 UTC 2026","","com.cdTester.tests.selenium.web.interactions.FramesTest","com.cdTester.tests.selenium.web.interactions.FramesTest","iframeWithName"
"","807","Should be able to navigate forward using the navigate().forward() method","","Fri Feb 20 16:55:43 UTC 2026","passed","Fri Feb 20 16:55:44 UTC 2026","","com.cdTester.tests.selenium.web.interactions.NavigationTest","com.cdTester.tests.selenium.web.interactions.NavigationTest","navigateBrowserForward"
"","368","Should be able to remove a virtual authenticator","","Fri Feb 20 16:55:14 UTC 2026","passed","Fri Feb 20 16:55:14 UTC 2026","","com.cdTester.tests.selenium.web.interactions.VirtualAuthenticatorTest","com.cdTester.tests.selenium.web.interactions.VirtualAuthenticatorTest","testRemoveAuthenticator"
"","1615","Should be able to send keys to an element using Actions","","Fri Feb 20 16:53:46 UTC 2026","passed","Fri Feb 20 16:53:48 UTC 2026","","com.cdTester.tests.selenium.web.actions_api.KeysTest","com.cdTester.tests.selenium.web.actions_api.KeysTest","sendKeysToElement"
"","1703","Should be able to copy and paste using Actions","","Fri Feb 20 16:53:41 UTC 2026","passed","Fri Feb 20 16:53:43 UTC 2026","","com.cdTester.tests.selenium.web.actions_api.KeysTest","com.cdTester.tests.selenium.web.actions_api.KeysTest","copyPaste"
"","10652","Should fail to find box without waits","","Fri Feb 20 16:53:18 UTC 2026","passed","Fri Feb 20 16:53:29 UTC 2026","","com.cdTester.tests.selenium.web.waits.WaitsTest","com.cdTester.tests.selenium.web.waits.WaitsTest","noWaits"
"","1515","Should be able to hold SHIFT key down whilst sending keys using Actions","","Fri Feb 20 16:53:45 UTC 2026","passed","Fri Feb 20 16:53:46 UTC 2026","","com.cdTester.tests.selenium.web.actions_api.KeysTest","com.cdTester.tests.selenium.web.actions_api.KeysTest","keyDown"
"","2176","Should be able to click a link in a nested iframe that triggers an alert","","Fri Feb 20 16:54:42 UTC 2026","passed","Fri Feb 20 16:54:44 UTC 2026","","com.cdTester.tests.selenium.web.interactions.AlertsTest","com.cdTester.tests.selenium.web.interactions.AlertsTest","nestedIframeAlertTest"
"","1470","Should be able to get text from an element","","Fri Feb 20 16:54:19 UTC 2026","passed","Fri Feb 20 16:54:21 UTC 2026","","com.cdTester.tests.selenium.web.elements.InformationTest","com.cdTester.tests.selenium.web.elements.InformationTest","getText"
"","633","Parameterised test to get current URL of : ""https://www.selenium.dev/""","","Fri Feb 20 16:55:16 UTC 2026","passed","Fri Feb 20 16:55:17 UTC 2026","","com.cdTester.tests.selenium.web.interactions.driverTest","com.cdTester.tests.selenium.web.interactions.driverTest","getCurrentUrl"
"","1552","Should be able to clear the text from an input field","","Fri Feb 20 16:54:26 UTC 2026","passed","Fri Feb 20 16:54:27 UTC 2026","","com.cdTester.tests.selenium.web.elements.InteractionTest","com.cdTester.tests.selenium.web.elements.InteractionTest","clearText"
"","364","Should be able to add a resident credential when setHasUserVerification=true","","Fri Feb 20 16:55:13 UTC 2026","passed","Fri Feb 20 16:55:13 UTC 2026","","com.cdTester.tests.selenium.web.interactions.VirtualAuthenticatorTest","com.cdTester.tests.selenium.web.interactions.VirtualAuthenticatorTest","testCreateAndAddResidentialKey"
"","2603","Should be able to find box using fluent wait","","Fri Feb 20 16:53:39 UTC 2026","passed","Fri Feb 20 16:53:41 UTC 2026","","com.cdTester.tests.selenium.web.waits.WaitsTest","com.cdTester.tests.selenium.web.waits.WaitsTest","explicitWithOptions"
"","774","Should be able to Upload a png file","","Fri Feb 20 16:54:11 UTC 2026","passed","Fri Feb 20 16:54:12 UTC 2026","","com.cdTester.tests.selenium.web.elements.FileUploadTest","com.cdTester.tests.selenium.web.elements.FileUploadTest","fileUploadTest"
"","595","Should be able to add a same site cookie","","Fri Feb 20 16:55:39 UTC 2026","passed","Fri Feb 20 16:55:40 UTC 2026","","com.cdTester.tests.selenium.web.interactions.CookiesTest","com.cdTester.tests.selenium.web.interactions.CookiesTest","sameSiteCookie"
"","682","Should be able shrink the scale to fit on a page","","Fri Feb 20 16:55:06 UTC 2026","passed","Fri Feb 20 16:55:06 UTC 2026","","com.cdTester.tests.selenium.web.interactions.PrintTest","com.cdTester.tests.selenium.web.interactions.PrintTest","TestShrinkToFit"
"","1518","Button input should be enabled","","Fri Feb 20 16:54:12 UTC 2026","passed","Fri Feb 20 16:54:13 UTC 2026","","com.cdTester.tests.selenium.web.elements.InformationTest","com.cdTester.tests.selenium.web.elements.InformationTest","isEnabled"
"","1512","Should be able to send keys to a focused element using Actions","","Fri Feb 20 16:53:43 UTC 2026","passed","Fri Feb 20 16:53:45 UTC 2026","","com.cdTester.tests.selenium.web.actions_api.KeysTest","com.cdTester.tests.selenium.web.actions_api.KeysTest","sendKeysFocused"
"","2032","Should not be able to read the default text in a prompt","","Fri Feb 20 16:54:44 UTC 2026","passed","Fri Feb 20 16:54:46 UTC 2026","","com.cdTester.tests.selenium.web.interactions.AlertsTest","com.cdTester.tests.selenium.web.interactions.AlertsTest","promptDefaultInputTest"
"","3179","Should be able to hover over an element using Actions","","Fri Feb 20 16:53:56 UTC 2026","passed","Fri Feb 20 16:53:59 UTC 2026","","com.cdTester.tests.selenium.web.actions_api.MouseTest","com.cdTester.tests.selenium.web.actions_api.MouseTest","hover"
"","511","Get row number by cell value that repeats in other rows","","Fri Feb 20 16:55:47 UTC 2026","passed","Fri Feb 20 16:55:48 UTC 2026","","com.cdTester.tests.selenium.web.tables.TablesTest","com.cdTester.tests.selenium.web.tables.TablesTest","rowNumberByCellValueDuplicate"
"","387","Should be able to add a cookie","","Fri Feb 20 16:55:40 UTC 2026","passed","Fri Feb 20 16:55:41 UTC 2026","","com.cdTester.tests.selenium.web.interactions.CookiesTest","com.cdTester.tests.selenium.web.interactions.CookiesTest","addCookie"
"","4582","Should be able to enter text into multiple prompts and accept them","","Fri Feb 20 16:54:34 UTC 2026","passed","Fri Feb 20 16:54:39 UTC 2026","","com.cdTester.tests.selenium.web.interactions.AlertsTest","com.cdTester.tests.selenium.web.interactions.AlertsTest","multiplePromptInputsTest"
"","1479","Should be able to get an attribute of an element","","Fri Feb 20 16:54:18 UTC 2026","passed","Fri Feb 20 16:54:19 UTC 2026","","com.cdTester.tests.selenium.web.elements.InformationTest","com.cdTester.tests.selenium.web.elements.InformationTest","getAttribute"
"","427","Should be able to switch to a new tab using newWindow","","Fri Feb 20 16:55:38 UTC 2026","passed","Fri Feb 20 16:55:39 UTC 2026","","com.cdTester.tests.selenium.web.interactions.WindowsTest","com.cdTester.tests.selenium.web.interactions.WindowsTest","opensNewTab"
"","4670","Should be able to click and hold","","Fri Feb 20 16:53:59 UTC 2026","passed","Fri Feb 20 16:54:04 UTC 2026","","com.cdTester.tests.selenium.web.actions_api.MouseTest","com.cdTester.tests.selenium.web.actions_api.MouseTest","clickAndHold"
"","336","Should be able to set virtual authenticator options","","Fri Feb 20 16:55:13 UTC 2026","passed","Fri Feb 20 16:55:14 UTC 2026","","com.cdTester.tests.selenium.web.interactions.VirtualAuthenticatorTest","com.cdTester.tests.selenium.web.interactions.VirtualAuthenticatorTest","testVirtualOptions"
"","949","Should be able to create a simple alert using JavaScriptExecutor","","Fri Feb 20 16:54:29 UTC 2026","passed","Fri Feb 20 16:54:30 UTC 2026","","com.cdTester.tests.selenium.web.interactions.AlertsTest","com.cdTester.tests.selenium.web.interactions.AlertsTest","testForJsAlerts"
"","2688","Should be able to find box using explicit wait","","Fri Feb 20 16:53:36 UTC 2026","passed","Fri Feb 20 16:53:39 UTC 2026","","com.cdTester.tests.selenium.web.waits.WaitsTest","com.cdTester.tests.selenium.web.waits.WaitsTest","explicit"
"","473","Get row number by cell value","","Fri Feb 20 16:55:45 UTC 2026","passed","Fri Feb 20 16:55:46 UTC 2026","","com.cdTester.tests.selenium.web.tables.TablesTest","com.cdTester.tests.selenium.web.tables.TablesTest","rowNumberByCellValue"
"","1370","Should be able to print current page using BrowsingContext interface","","Fri Feb 20 16:55:04 UTC 2026","passed","Fri Feb 20 16:55:06 UTC 2026","","com.cdTester.tests.selenium.web.interactions.PrintTest","com.cdTester.tests.selenium.web.interactions.PrintTest","PrintWithBrowsingContextTest"
"","343","Should be able to remove a non-resident credential","","Fri Feb 20 16:55:14 UTC 2026","passed","Fri Feb 20 16:55:15 UTC 2026","","com.cdTester.tests.selenium.web.interactions.VirtualAuthenticatorTest","com.cdTester.tests.selenium.web.interactions.VirtualAuthenticatorTest","testRemoveCredential"
"","18239","Parameterised test to get current URL of : ""https://docs.junit.org/current/user-guide/""","","Fri Feb 20 16:55:17 UTC 2026","failed","Fri Feb 20 16:55:35 UTC 2026","","com.cdTester.tests.selenium.web.interactions.driverTest","com.cdTester.tests.selenium.web.interactions.driverTest","getCurrentUrl"
"","654","Should be able to print in landscape","","Fri Feb 20 16:55:02 UTC 2026","passed","Fri Feb 20 16:55:03 UTC 2026","","com.cdTester.tests.selenium.web.interactions.PrintTest","com.cdTester.tests.selenium.web.interactions.PrintTest","TestOrientation"
"","2086","Should be able to accept a confirmation alert that redirects to another URL","","Fri Feb 20 16:54:32 UTC 2026","passed","Fri Feb 20 16:54:34 UTC 2026","","com.cdTester.tests.selenium.web.interactions.AlertsTest","com.cdTester.tests.selenium.web.interactions.AlertsTest","confirmationAlertTest"
"","2543","Should be able to handle a delayed alert","","Fri Feb 20 16:54:46 UTC 2026","passed","Fri Feb 20 16:54:48 UTC 2026","","com.cdTester.tests.selenium.web.interactions.AlertsTest","com.cdTester.tests.selenium.web.interactions.AlertsTest","slowAlertTest"
"","673","Should be able set page paper size","","Fri Feb 20 16:55:06 UTC 2026","passed","Fri Feb 20 16:55:07 UTC 2026","","com.cdTester.tests.selenium.web.interactions.PrintTest","com.cdTester.tests.selenium.web.interactions.PrintTest","TestSize"
"","638","Should be refresh a page using the navigate().refresh() method","","Fri Feb 20 16:55:42 UTC 2026","passed","Fri Feb 20 16:55:43 UTC 2026","","com.cdTester.tests.selenium.web.interactions.NavigationTest","com.cdTester.tests.selenium.web.interactions.NavigationTest","navigateBrowserRefresh"
"","492","Should be able to get all window handles","","Fri Feb 20 16:55:37 UTC 2026","passed","Fri Feb 20 16:55:37 UTC 2026","","com.cdTester.tests.selenium.web.interactions.WindowsTest","com.cdTester.tests.selenium.web.interactions.WindowsTest","windowsHandles"
"","573","Should be able to navigate to a URL using the navigate().to() method","","Fri Feb 20 16:55:42 UTC 2026","passed","Fri Feb 20 16:55:42 UTC 2026","","com.cdTester.tests.selenium.web.interactions.NavigationTest","com.cdTester.tests.selenium.web.interactions.NavigationTest","navigateBrowserTo"
"","402","Should be able to delete a named cookie","","Fri Feb 20 16:55:41 UTC 2026","passed","Fri Feb 20 16:55:42 UTC 2026","","com.cdTester.tests.selenium.web.interactions.CookiesTest","com.cdTester.tests.selenium.web.interactions.CookiesTest","deleteCookieNamed"
"","2126","Should be able to click a link in an iframe that triggers an alert","","Fri Feb 20 16:54:39 UTC 2026","passed","Fri Feb 20 16:54:42 UTC 2026","","com.cdTester.tests.selenium.web.interactions.AlertsTest","com.cdTester.tests.selenium.web.interactions.AlertsTest","iframeAlertTest"
"","780","Should be able set page paper margins","","Fri Feb 20 16:55:01 UTC 2026","passed","Fri Feb 20 16:55:02 UTC 2026","","com.cdTester.tests.selenium.web.interactions.PrintTest","com.cdTester.tests.selenium.web.interactions.PrintTest","TestMargins"
"","343","Should be able to create a virtual authenticator using U2F protocol","","Fri Feb 20 16:55:13 UTC 2026","passed","Fri Feb 20 16:55:13 UTC 2026","","com.cdTester.tests.selenium.web.interactions.VirtualAuthenticatorTest","com.cdTester.tests.selenium.web.interactions.VirtualAuthenticatorTest","testCreateAuthenticator"
"","2728","Should be able to move mouse pointer to a relative location using Actions API","","Fri Feb 20 16:54:06 UTC 2026","passed","Fri Feb 20 16:54:09 UTC 2026","","com.cdTester.tests.selenium.web.actions_api.MouseTest","com.cdTester.tests.selenium.web.actions_api.MouseTest","relativeLocation"
"","390","Should be able to get a named cookie","","Fri Feb 20 16:55:41 UTC 2026","passed","Fri Feb 20 16:55:41 UTC 2026","","com.cdTester.tests.selenium.web.interactions.CookiesTest","com.cdTester.tests.selenium.web.interactions.CookiesTest","getNamedCookie"
"","1463","Get Table Cell value by Row and Column","","Fri Feb 20 16:55:46 UTC 2026","passed","Fri Feb 20 16:55:47 UTC 2026","","com.cdTester.tests.selenium.web.tables.TablesTest","com.cdTester.tests.selenium.web.tables.TablesTest","cellByRowColumn"
"","2173","Should not be able to select a disabled option from a select list","","Fri Feb 20 16:55:09 UTC 2026","passed","Fri Feb 20 16:55:11 UTC 2026","","com.cdTester.tests.selenium.web.interactions.SelectListTest","com.cdTester.tests.selenium.web.interactions.SelectListTest","disabledOption"
"","458","Get column number by header name in a table with <thead>","","Fri Feb 20 16:55:48 UTC 2026","passed","Fri Feb 20 16:55:48 UTC 2026","","com.cdTester.tests.selenium.web.tables.TablesTest","com.cdTester.tests.selenium.web.tables.TablesTest","colNumberByHeaderWithTHead"
"","1563","Should be able to get the CSS values  an element","","Fri Feb 20 16:54:15 UTC 2026","passed","Fri Feb 20 16:54:16 UTC 2026","","com.cdTester.tests.selenium.web.elements.InformationTest","com.cdTester.tests.selenium.web.elements.InformationTest","getCssValue"
"","1516","Email input should be displayed","","Fri Feb 20 16:54:13 UTC 2026","passed","Fri Feb 20 16:54:15 UTC 2026","","com.cdTester.tests.selenium.web.elements.InformationTest","com.cdTester.tests.selenium.web.elements.InformationTest","isDisplayed"
"","491","Should be able to switch to a new tab using window handles","","Fri Feb 20 16:55:38 UTC 2026","passed","Fri Feb 20 16:55:38 UTC 2026","","com.cdTester.tests.selenium.web.interactions.WindowsTest","com.cdTester.tests.selenium.web.interactions.WindowsTest","SwitchToNewTab"
"","659","Should be able set print scale","","Fri Feb 20 16:55:03 UTC 2026","passed","Fri Feb 20 16:55:04 UTC 2026","","com.cdTester.tests.selenium.web.interactions.PrintTest","com.cdTester.tests.selenium.web.interactions.PrintTest","TestScale"
"","465","Should be able to get the position and dimensions of an element","","Fri Feb 20 16:54:21 UTC 2026","passed","Fri Feb 20 16:54:21 UTC 2026","","com.cdTester.tests.selenium.web.elements.InformationTest","com.cdTester.tests.selenium.web.elements.InformationTest","getRect"
"","2600","Should switch to iFrame using index","","Fri Feb 20 16:54:53 UTC 2026","passed","Fri Feb 20 16:54:56 UTC 2026","","com.cdTester.tests.selenium.web.interactions.FramesTest","com.cdTester.tests.selenium.web.interactions.FramesTest","iframeWithIndex"
"","3004","Should be able to double click an element using Actions","","Fri Feb 20 16:53:48 UTC 2026","passed","Fri Feb 20 16:53:51 UTC 2026","","com.cdTester.tests.selenium.web.actions_api.MouseTest","com.cdTester.tests.selenium.web.actions_api.MouseTest","clickDouble"
"","559","Should be able to navigate to a URL using the driver.get() method","","Fri Feb 20 16:55:43 UTC 2026","passed","Fri Feb 20 16:55:43 UTC 2026","","com.cdTester.tests.selenium.web.interactions.NavigationTest","com.cdTester.tests.selenium.web.interactions.NavigationTest","navigateBrowserGet"
"","348","Should be able to remove all credentials","","Fri Feb 20 16:55:15 UTC 2026","passed","Fri Feb 20 16:55:15 UTC 2026","","com.cdTester.tests.selenium.web.interactions.VirtualAuthenticatorTest","com.cdTester.tests.selenium.web.interactions.VirtualAuthenticatorTest","testRemoveAllCredentials"
"","1477","Should be able to get the tag name of an element","","Fri Feb 20 16:54:21 UTC 2026","passed","Fri Feb 20 16:54:23 UTC 2026","","com.cdTester.tests.selenium.web.elements.InformationTest","com.cdTester.tests.selenium.web.elements.InformationTest","getTagName"
"","515","Should be able to open a new window and switch to it","","Fri Feb 20 16:55:36 UTC 2026","passed","Fri Feb 20 16:55:37 UTC 2026","","com.cdTester.tests.selenium.web.interactions.WindowsTest","com.cdTester.tests.selenium.web.interactions.WindowsTest","opensNewWindow"
"","4631","Should be able to find box using sleep","","Fri Feb 20 16:53:29 UTC 2026","passed","Fri Feb 20 16:53:34 UTC 2026","","com.cdTester.tests.selenium.web.waits.WaitsTest","com.cdTester.tests.selenium.web.waits.WaitsTest","sleep"
"","2777","Should be able to right click an element using Actions","","Fri Feb 20 16:54:04 UTC 2026","passed","Fri Feb 20 16:54:06 UTC 2026","","com.cdTester.tests.selenium.web.actions_api.MouseTest","com.cdTester.tests.selenium.web.actions_api.MouseTest","clickRight"
"","4905","Should be able to drag and drop an element using Actions","","Fri Feb 20 16:53:51 UTC 2026","passed","Fri Feb 20 16:53:56 UTC 2026","","com.cdTester.tests.selenium.web.actions_api.MouseTest","com.cdTester.tests.selenium.web.actions_api.MouseTest","dragAndDrop"
"","2625","Should switch to iFrame using id","","Fri Feb 20 16:54:56 UTC 2026","passed","Fri Feb 20 16:54:58 UTC 2026","","com.cdTester.tests.selenium.web.interactions.FramesTest","com.cdTester.tests.selenium.web.interactions.FramesTest","iframeWithId"
"","2533","Should be able to enter text into a prompt and accept it","","Fri Feb 20 16:54:48 UTC 2026","passed","Fri Feb 20 16:54:51 UTC 2026","","com.cdTester.tests.selenium.web.interactions.AlertsTest","com.cdTester.tests.selenium.web.interactions.AlertsTest","promptDisplayAndInputTest"
"","402","Should be able to delete a cookie","","Fri Feb 20 16:55:40 UTC 2026","passed","Fri Feb 20 16:55:40 UTC 2026","","com.cdTester.tests.selenium.web.interactions.CookiesTest","com.cdTester.tests.selenium.web.interactions.CookiesTest","deleteCookieObject"
"","456","Should be able to change the window size","","Fri Feb 20 16:55:36 UTC 2026","passed","Fri Feb 20 16:55:36 UTC 2026","","com.cdTester.tests.selenium.web.interactions.WindowsTest","com.cdTester.tests.selenium.web.interactions.WindowsTest","windowSize"
"","871","Should be able to print current page using PrintsPage interface","","Fri Feb 20 16:55:07 UTC 2026","passed","Fri Feb 20 16:55:08 UTC 2026","","com.cdTester.tests.selenium.web.interactions.PrintTest","com.cdTester.tests.selenium.web.interactions.PrintTest","PrintWithPrintsPage"
"","788","Should be able to save page as PDF","","Fri Feb 20 16:55:35 UTC 2026","passed","Fri Feb 20 16:55:36 UTC 2026","","com.cdTester.tests.selenium.web.interactions.SavingTest","com.cdTester.tests.selenium.web.interactions.SavingTest","prints"
"","2025","Should be able to get text from alert and accept it","","Fri Feb 20 16:54:30 UTC 2026","passed","Fri Feb 20 16:54:32 UTC 2026","","com.cdTester.tests.selenium.web.interactions.AlertsTest","com.cdTester.tests.selenium.web.interactions.AlertsTest","alertInformationTest"
"","560","Browser title should be 'Selenium'","","Fri Feb 20 16:55:15 UTC 2026","passed","Fri Feb 20 16:55:16 UTC 2026","","com.cdTester.tests.selenium.web.interactions.driverTest","com.cdTester.tests.selenium.web.interactions.driverTest","getTitle"
"","1676","Should be able to left click an element using Actions","","Fri Feb 20 16:54:09 UTC 2026","passed","Fri Feb 20 16:54:11 UTC 2026","","com.cdTester.tests.selenium.web.actions_api.MouseTest","com.cdTester.tests.selenium.web.actions_api.MouseTest","clickLeft"
"","407","Should be able to get all cookies","","Fri Feb 20 16:55:39 UTC 2026","passed","Fri Feb 20 16:55:39 UTC 2026","","com.cdTester.tests.selenium.web.interactions.CookiesTest","com.cdTester.tests.selenium.web.interactions.CookiesTest","getAllCookies"
"","462","Get column number by header name in a table without a <thead>","","Fri Feb 20 16:55:45 UTC 2026","passed","Fri Feb 20 16:55:45 UTC 2026","","com.cdTester.tests.selenium.web.tables.TablesTest","com.cdTester.tests.selenium.web.tables.TablesTest","colNumberByHeaderWithoutTHead"
